{"cameraMode":{"drawMode":0,"name":"Shaded","section":"Shading Mode"},"sceneLighting":true,"audioPlay":false,"sceneViewState":{"m_AlwaysRefresh":false,"showFog":true,"showSkybox":true,"showFlares":true,"showImageEffects":true,"showParticleSystems":true,"showVisualEffectGraphs":true,"m_FxEnabled":true},"in2DMode":false,"pivot":{"x":1.6117137670516968,"y":13.968561172485352,"z":-13.07710075378418},"rotation":{"x":0.19848383963108064,"y":-0.000005929024155193474,"z":-0.000004406106199894566,"w":0.980108380317688},"size":7.901945114135742,"orthographic":false}